{"format": "layers-model", "generatedBy": "keras v2.8.0", "convertedBy": "TensorFlow.js Converter v3.14.0", "modelTopology": {"keras_version": "2.8.0", "backend": "tensorflow", "model_config": {"class_name": "Functional", "config": {"name": "model_1", "layers": [{"class_name": "InputLayer", "config": {"batch_input_shape": [null, 40, 40, 1], "dtype": "float32", "sparse": false, "ragged": false, "name": "input_2"}, "name": "input_2", "inbound_nodes": []}, {"class_name": "Conv2D", "config": {"name": "conv2d_4", "trainable": true, "dtype": "float32", "filters": 32, "kernel_size": [3, 3], "strides": [1, 1], "padding": "same", "data_format": "channels_last", "dilation_rate": [1, 1], "groups": 1, "activation": "relu", "use_bias": true, "kernel_initializer": {"class_name": "GlorotUniform", "config": {"seed": null}}, "bias_initializer": {"class_name": "Zeros", "config": {}}, "kernel_regularizer": null, "bias_regularizer": null, "activity_regularizer": null, "kernel_constraint": null, "bias_constraint": null}, "name": "conv2d_4", "inbound_nodes": [[["input_2", 0, 0, {}]]]}, {"class_name": "MaxPooling2D", "config": {"name": "max_pooling2d_4", "trainable": true, "dtype": "float32", "pool_size": [2, 2], "padding": "valid", "strides": [2, 2], "data_format": "channels_last"}, "name": "max_pooling2d_4", "inbound_nodes": [[["conv2d_4", 0, 0, {}]]]}, {"class_name": "Dropout", "config": {"name": "dropout_4", "trainable": true, "dtype": "float32", "rate": 0.25, "noise_shape": null, "seed": null}, "name": "dropout_4", "inbound_nodes": [[["max_pooling2d_4", 0, 0, {}]]]}, {"class_name": "Conv2D", "config": {"name": "conv2d_5", "trainable": true, "dtype": "float32", "filters": 32, "kernel_size": [3, 3], "strides": [1, 1], "padding": "same", "data_format": "channels_last", "dilation_rate": [1, 1], "groups": 1, "activation": "relu", "use_bias": true, "kernel_initializer": {"class_name": "GlorotUniform", "config": {"seed": null}}, "bias_initializer": {"class_name": "Zeros", "config": {}}, "kernel_regularizer": null, "bias_regularizer": null, "activity_regularizer": null, "kernel_constraint": null, "bias_constraint": null}, "name": "conv2d_5", "inbound_nodes": [[["dropout_4", 0, 0, {}]]]}, {"class_name": "MaxPooling2D", "config": {"name": "max_pooling2d_5", "trainable": true, "dtype": "float32", "pool_size": [2, 2], "padding": "valid", "strides": [2, 2], "data_format": "channels_last"}, "name": "max_pooling2d_5", "inbound_nodes": [[["conv2d_5", 0, 0, {}]]]}, {"class_name": "Dropout", "config": {"name": "dropout_5", "trainable": true, "dtype": "float32", "rate": 0.25, "noise_shape": null, "seed": null}, "name": "dropout_5", "inbound_nodes": [[["max_pooling2d_5", 0, 0, {}]]]}, {"class_name": "Conv2D", "config": {"name": "conv2d_6", "trainable": true, "dtype": "float32", "filters": 64, "kernel_size": [3, 3], "strides": [1, 1], "padding": "same", "data_format": "channels_last", "dilation_rate": [1, 1], "groups": 1, "activation": "relu", "use_bias": true, "kernel_initializer": {"class_name": "GlorotUniform", "config": {"seed": null}}, "bias_initializer": {"class_name": "Zeros", "config": {}}, "kernel_regularizer": null, "bias_regularizer": null, "activity_regularizer": null, "kernel_constraint": null, "bias_constraint": null}, "name": "conv2d_6", "inbound_nodes": [[["dropout_5", 0, 0, {}]]]}, {"class_name": "MaxPooling2D", "config": {"name": "max_pooling2d_6", "trainable": true, "dtype": "float32", "pool_size": [2, 2], "padding": "valid", "strides": [2, 2], "data_format": "channels_last"}, "name": "max_pooling2d_6", "inbound_nodes": [[["conv2d_6", 0, 0, {}]]]}, {"class_name": "Dropout", "config": {"name": "dropout_6", "trainable": true, "dtype": "float32", "rate": 0.25, "noise_shape": null, "seed": null}, "name": "dropout_6", "inbound_nodes": [[["max_pooling2d_6", 0, 0, {}]]]}, {"class_name": "Conv2D", "config": {"name": "conv2d_7", "trainable": true, "dtype": "float32", "filters": 64, "kernel_size": [3, 3], "strides": [1, 1], "padding": "same", "data_format": "channels_last", "dilation_rate": [1, 1], "groups": 1, "activation": "relu", "use_bias": true, "kernel_initializer": {"class_name": "GlorotUniform", "config": {"seed": null}}, "bias_initializer": {"class_name": "Zeros", "config": {}}, "kernel_regularizer": null, "bias_regularizer": null, "activity_regularizer": null, "kernel_constraint": null, "bias_constraint": null}, "name": "conv2d_7", "inbound_nodes": [[["dropout_6", 0, 0, {}]]]}, {"class_name": "MaxPooling2D", "config": {"name": "max_pooling2d_7", "trainable": true, "dtype": "float32", "pool_size": [2, 2], "padding": "valid", "strides": [2, 2], "data_format": "channels_last"}, "name": "max_pooling2d_7", "inbound_nodes": [[["conv2d_7", 0, 0, {}]]]}, {"class_name": "Dropout", "config": {"name": "dropout_7", "trainable": true, "dtype": "float32", "rate": 0.25, "noise_shape": null, "seed": null}, "name": "dropout_7", "inbound_nodes": [[["max_pooling2d_7", 0, 0, {}]]]}, {"class_name": "Flatten", "config": {"name": "flatten_1", "trainable": true, "dtype": "float32", "data_format": "channels_last"}, "name": "flatten_1", "inbound_nodes": [[["dropout_7", 0, 0, {}]]]}, {"class_name": "Dense", "config": {"name": "dense_1", "trainable": true, "dtype": "float32", "units": 256, "activation": "linear", "use_bias": true, "kernel_initializer": {"class_name": "GlorotUniform", "config": {"seed": null}}, "bias_initializer": {"class_name": "Zeros", "config": {}}, "kernel_regularizer": null, "bias_regularizer": null, "activity_regularizer": null, "kernel_constraint": null, "bias_constraint": null}, "name": "dense_1", "inbound_nodes": [[["flatten_1", 0, 0, {}]]]}, {"class_name": "Dense", "config": {"name": "Dense", "trainable": true, "dtype": "float32", "units": 40, "activation": "softmax", "use_bias": true, "kernel_initializer": {"class_name": "GlorotUniform", "config": {"seed": null}}, "bias_initializer": {"class_name": "Zeros", "config": {}}, "kernel_regularizer": null, "bias_regularizer": null, "activity_regularizer": null, "kernel_constraint": null, "bias_constraint": null}, "name": "Dense", "inbound_nodes": [[["dense_1", 0, 0, {}]]]}], "input_layers": [["input_2", 0, 0]], "output_layers": [["Dense", 0, 0]]}}, "training_config": {"loss": {"class_name": "CategoricalCrossentropy", "config": {"reduction": "auto", "name": "categorical_crossentropy", "from_logits": false, "label_smoothing": 0.0, "axis": -1}}, "metrics": null, "weighted_metrics": null, "loss_weights": null, "optimizer_config": {"class_name": "RMSprop", "config": {"name": "RMSprop", "learning_rate": 0.0010000000474974513, "decay": 0.0, "rho": 0.8999999761581421, "momentum": 0.0, "epsilon": 1e-07, "centered": false}}}}, "weightsManifest": [{"paths": ["group1-shard1of1.bin"], "weights": [{"name": "Dense/kernel", "shape": [256, 40], "dtype": "float32"}, {"name": "Dense/bias", "shape": [40], "dtype": "float32"}, {"name": "conv2d_4/kernel", "shape": [3, 3, 1, 32], "dtype": "float32"}, {"name": "conv2d_4/bias", "shape": [32], "dtype": "float32"}, {"name": "conv2d_5/kernel", "shape": [3, 3, 32, 32], "dtype": "float32"}, {"name": "conv2d_5/bias", "shape": [32], "dtype": "float32"}, {"name": "conv2d_6/kernel", "shape": [3, 3, 32, 64], "dtype": "float32"}, {"name": "conv2d_6/bias", "shape": [64], "dtype": "float32"}, {"name": "conv2d_7/kernel", "shape": [3, 3, 64, 64], "dtype": "float32"}, {"name": "conv2d_7/bias", "shape": [64], "dtype": "float32"}, {"name": "dense_1/kernel", "shape": [256, 256], "dtype": "float32"}, {"name": "dense_1/bias", "shape": [256], "dtype": "float32"}]}]}